{
  "tconstruct:tools/materials_and_you": {
    "criteria": {
      "crafted_book": "2022-10-29 22:52:20 -0500"
    },
    "done": true
  },
  "farmersdelight:main/root": {
    "criteria": {
      "seeds": "2022-10-29 22:52:20 -0500"
    },
    "done": true
  },
  "betterdungeons:root": {
    "criteria": {
      "always": "2022-10-29 22:52:21 -0500"
    },
    "done": true
  },
  "create:root": {
    "criteria": {
      "0": "2022-10-29 22:52:20 -0500"
    },
    "done": true
  },
  "inventorypets:root": {
    "criteria": {
      "auto": "2022-10-29 22:52:21 -0500"
    },
    "done": true
  },
  "rats:rats/root": {
    "criteria": {
      "tick": "2022-10-29 22:52:21 -0500"
    },
    "done": true
  },
  "minecraft:adventure/adventuring_time": {
    "criteria": {
      "minecraft:forest": "2022-10-29 22:53:01 -0500",
      "minecraft:river": "2022-10-29 22:53:07 -0500",
      "minecraft:wooded_hills": "2022-10-29 22:58:32 -0500",
      "minecraft:plains": "2022-10-29 22:53:08 -0500"
    },
    "done": false
  },
  "DataVersion": 2586
}